Incident Number,Incident Name,Incident Type,Latitude,Longitude,Size,Unit of Measure,Costs,Structures Destroyed,start_date,year,county
CA-LNU-0005333,BUTTS,WF,39,123,3200.0,Acres,6500000.0,5,2014-07-01,2014,Lake
CA-AEU-018237,SAND,WF,39,121,4240.0,Acres,875500.0,67,2014-07-25,2014,Placer
CA-NEU-021465,DOG BAR,WF,39,121,247.0,Acres,1200000.0,5,2014-09-13,2014,Placer
CA-NOD-002798,COLEMAN,WF,42,120,15246.0,Acres,6100000.0,0,2014-07-01,2014,Modoc
CA-ENF-023461,KING,WF,39,121,97717.0,Acres,119000000.0,80,2014-09-13,2014,Placer
CA-SHU-007763,Oregon,WF,41,123,580.0,Acres,2264876.0,1,2014-08-24,2014,Siskiyou
CA-SKU-005509,SKU LIGHTNING COMPLEX,WF,42,123,30.0,Acres,1400000.0,0,2014-07-30,2014,Siskiyou
CA-MDF-000357,GULCH,WF,41,121,1469.0,Acres,2050000.0,0,2014-07-03,2014,Shasta
CA-AEU-023335,KING,WF,39,121,11570.0,Acres,2900000.0,0,2014-09-13,2014,Placer
CA-KNF-005511,WHITES,WF,41,123,3294.0,Acres,500000.0,0,2014-07-31,2014,Siskiyou
CA-KNF-006014,Faulkstein,WF,42,122,300.0,Acres,20000.0,0,2014-08-11,2014,Siskiyou
CA-MDF-000344,MODOC JULY COMPLEX,WF,42,121,2566.0,Acres,5250000.0,0,2014-07-01,2014,Klamath
CA-HIA-14-211,BALD HILL 3,WF,41,124,210.0,Acres,1900000.0,0,2014-09-13,2014,Humboldt
CA-LMU-003472,DAY,WF,41,121,13153.0,Acres,15900000.0,10,2014-07-30,2014,Shasta
CA-SKU-007064,BOLES,WF,41,122,516.0,Acres,7009478.0,239,2014-09-15,2014,Shasta
CA-LNU-006737,Thirty One 2,WF,39,122,369.0,Acres,100000.0,0,2014-08-09,2014,Colusa
CA-MDF-000332,Dobie,WF,42,121,250.0,Acres,100000.0,0,2014-07-02,2014,Klamath
CA-MDF-000347,Dalton,WF,42,121,400.0,Acres,100000.0,0,2014-07-02,2014,Klamath
CA-KNF-006000,Man,WF,42,123,180.0,Acres,50000.0,0,2014-08-12,2014,Siskiyou
CA-BTU-010700,WEB,WF,40,122,389.0,Acres,2155796.0,0,2014-07-28,2014,Tehama
CA-KNF-005514,LOG,WF,42,123,3632.0,Acres,49873117.0,0,2014-07-30,2014,Siskiyou
CA-LNF-003479,Bald,WF,41,121,39736.0,Acres,10750000.0,0,2014-07-30,2014,Shasta
CA-LNU-005333,BUTTS,WF,39,122,4300.0,Acres,7200000.0,9,2014-07-01,2014,Colusa
CA-LNU-005465,Monticello,WF,39,122,6488.0,Acres,9456404.0,0,2014-07-04,2014,Colusa
CA-NOD-003320,MALT,WF,42,120,1054.0,Acres,481000.0,0,2014-07-23,2014,Modoc
CA-NEU-023454,APPLEGATE,WF,39,121,459.0,Acres,7680985.0,10,2014-10-08,2014,Placer
CA-KNF-005443,KNF LEEF,WF,41,123,17.0,Acres,55000.0,0,2014-07-29,2014,Siskiyou
CA-KNF-005497,KNF Beaver,WF,42,123,32496.0,Acres,27128721.0,6,2014-07-30,2014,Siskiyou
CA-KNF-006010,KEMPER,WF,42,123,152.0,Acres,80000.0,0,2014-08-11,2014,Siskiyou
CA-SWR-001266,TRACT 17,WF,39,122,395.0,Acres,12000.0,0,2014-09-17,2014,Colusa
CA-SHF-002423,COFFEE COMPLEX,WF,41,123,6178.0,Acres,5400000.0,0,2014-08-02,2014,Siskiyou
CA-LNF-003502,EILER,WF,41,122,32416.0,Acres,26334929.0,21,2014-07-31,2014,Shasta
CA-MEU-007202,LODGE COMPLEX,WF,40,124,12536.0,Acres,41500000.0,0,2014-07-30,2014,Humboldt
CA-MEU-008882,BLACK,WF,39,123,403.0,Acres,1159000.0,11,2014-09-13,2014,Lake
CA-KNF-005575,LITTLE DEER,WF,42,122,5503.0,Acres,4375000.0,1,2014-07-31,2014,Siskiyou
CA-KNF-005991,Delta,WF,42,123,150.0,Acres,45000.0,0,2014-08-11,2014,Siskiyou
CA-KNF-005956,Happy Camp Complex,WF,42,123,134056.0,Acres,88214725.0,6,2014-08-14,2014,Siskiyou
CA-SHU-006248,BULLY,WF,40,123,12661.0,Acres,23865759.0,20,2014-07-11,2014,Trinity
CA-SHU-008322,GULCH,WF,41,122,1375.0,Acres,5522123.0,4,2014-09-10,2014,Shasta
CA-KNF-006008,Frying Pan,WF,42,123,1066.0,Acres,125000.0,0,2014-08-11,2014,Siskiyou
CA-KNF-005564,JULY COMPLEX,WF,41,123,50042.0,Acres,50440981.0,2,2014-08-03,2014,Siskiyou
CA-SHF-002410,Coffee,WF,41,123,4665.0,Acres,1500000.0,0,2014-07-30,2014,Siskiyou
CA-MCP-001352,Pulgas,WF,34,117,6500.0,Acres,100000.0,0,2014-05-15,2014,San Bernardino
CA-ANF-004034,TECOLOTE,WF,34,118,274.0,Acres,1500000.0,0,2014-08-17,2014,Los Angeles
CA-TCU-005028,HETCHY,WF,38,120,269.0,Acres,10000.0,0,2014-06-05,2014,Tuolumne
CA-MCP-001359,Combat,WF,33,118,300.0,Acres,10000.0,0,2014-05-16,2014,San Diego
CA-BDF-006646,ETIWANDA,WF,34,118,2143.0,Acres,4000000.0,0,2014-04-30,2014,Los Angeles
CA-INF-001351,JUNE,WF,38,119,65.0,Acres,1828084.0,0,2014-09-16,2014,Mono
CA-STF-003543,MONTGOMERY,WF,38,120,79.0,Acres,100000.0,0,2014-09-08,2014,Tuolumne
CA-BDU-004595,BRIDGES,WF,37,118,113.0,Acres,380897.0,0,2014-04-19,2014,Inyo
CA-FKU-1194,Lake,WF,37,119,106.0,Acres,340074.0,0,2014-01-25,2014,Fresno
CA-CND-003148,WAY,WF,36,118,4045.0,Acres,6900000.0,12,2014-08-18,2014,Kern
CA-MMU-013131,Kelley,WF,37,121,930.0,Acres,0.0,0,2014-07-26,2014,Merced
CA-MMU-015818,BRIDGE,WF,37,120,300.0,Acres,5404338.0,0,2014-09-05,2014,Madera
CA-TCU-005584,REED,WF,38,121,109.0,Acres,100000.0,0,2014-06-20,2014,San Joaquin
CA-YNP-000124,DOG ROCK,WF,38,120,311.0,Acres,2540000.0,0,2014-10-07,2014,Tuolumne
CA-MCP-001554,Tomahawk,WF,33,117,5400.0,Acres,500000.0,0,2014-05-14,2014,San Diego
CA-MVU-010055,Bernardo,WF,33,117,1548.0,Acres,2700000.0,0,2014-05-13,2014,San Diego
CA-MVU-010212,Cocos,WF,33,117,800.0,Acres,6413677.0,0,2014-05-14,2014,San Diego
CA-YNP-000101,Meadow,WF,38,120,4772.0,Acres,4905000.0,0,2014-08-15,2014,Tuolumne
CA-LAC-065279,Pine Fire,WF,35,119,109.0,Acres,1800000.0,0,2014-03-14,2014,Kern
CA-ANF-003975,Shoemaker,WF,34,125,190.0,Acres,700000.0,0,2014-08-14,2014,Los Angeles
CA-MMU-008974,Hunter,WF,38,120,677.0,Acres,4448044.0,3,2014-05-26,2014,Tuolumne
CA-MMU-014633,JUNCTION,WF,37,120,612.0,Acres,4917095.05,47,2014-08-18,2014,Madera
CA-MVU-010242,San Diego Complex,WF,33,117,2436.0,Acres,11519214.0,43,2014-05-14,2014,San Diego
CA-FHL-001739,HILL,WF,36,121,206.0,Acres,800000.0,0,2014-06-23,2014,Monterey
CA-ANF-231,Colby,WF,34,118,1952.0,Acres,6999000.0,15,2014-01-16,2014,Los Angeles
CA-CBD-003777,Poinsettia,WF,33,117,600.0,Acres,0.0,28,2014-05-14,2014,San Diego
CA-CNF-002873,Silverado,WF,34,118,959.0,Acres,4930000.0,0,2014-09-12,2014,Los Angeles
CA-SQF-120,SODA,WF,36,119,1612.0,Acres,520000.0,0,2014-01-14,2014,Tulare
CA-SNF-001619,FRENCH,WF,37,119,13838.0,Acres,21600000.0,0,2014-07-28,2014,Fresno
CA-SQF-002381,NICOLLS,WF,36,118,1680.0,Acres,7000000.0,0,2014-07-11,2014,Kern
CA-SQF-002142,RANCH,WF,36,119,70.0,Acres,6500000.0,0,2014-07-01,2014,Tulare
CA-YNP-000057,Dark Hole,WF,38,120,1080.0,Acres,1050582.0,0,2014-07-16,2014,Tuolumne
CA-TCU-004986,59,WF,38,120,487.0,Acres,15000.0,0,2014-06-04,2014,Tuolumne
CA-FHL-001693,Stony,WF,36,121,4840.0,Acres,180000.0,0,2014-06-19,2014,Monterey
CA-RRU-059343,BOGART,WF,34,117,100.0,Acres,75000.0,0,2014-06-06,2014,San Bernardino
CA-SBC-005573,MIGUELITO,WF,35,120,632.0,Acres,1200000.0,0,2014-05-13,2014,Santa Barbara
CA-CNF-000599,GUN,WF,33,116,270.0,Acres,610000.0,0,2014-03-08,2014,San Diego
CA-MMU-016429,COURTNEY,WF,37,120,320.0,Acres,4400000.0,49,2014-09-14,2014,Madera
CA-MVU-010173,Highway,WF,33,117,441.0,Acres,911841.0,0,2014-05-14,2014,San Diego
CA-MVU-014049,BANNER,WF,33,117,217.0,Acres,1124000.0,3,2014-07-03,2014,San Diego
CA-YNP-000083,El Portal,WF,38,120,4689.0,Acres,10710000.0,2,2014-07-26,2014,Tuolumne
CA-MCP-001363,Basilone Complex,WF,33,117,21240.0,Acres,0.0,0,2014-05-17,2014,San Diego
CA-BEU-001099,ENCINAL,WF,37,121,400.0,Acres,330000.0,0,2014-03-19,2014,Merced
CA-MMU-010067,HAIGH,WF,38,120,130.0,Acres,950000.0,0,2014-06-10,2014,Tuolumne
CA-SQF-001850,SHIRLEY,WF,36,119,2545.0,Acres,12000000.0,4,2014-06-13,2014,Tulare
CA-FHL-001818,Loop,WF,36,121,500.0,Acres,1500000.0,0,2014-06-30,2014,Monterey
CA--BRR-001126,SCHOOL,WF,35,119,238.5,Acres,225000.0,0,2014-04-30,2014,Kern
CA-LNU-008268,ELK,WF,39,123,673.0,Acres,3100000.0,0,2015-09-02,2015,Lake
CA-SRF-001470,NICKOWITZ,WF,41,124,7509.0,Acres,11600000.0,0,2015-08-01,2015,Humboldt
CA-PNF-000303,WARD,WF,40,121,137.0,Acres,452000.0,0,2015-04-14,2015,Plumas
CA-BTU-0013357,LUMPKIN,WF,40,121,1042.0,Acres,4798377.0,0,2015-09-11,2015,Plumas
CA-HUU-006254,HORSE,WF,40,124,146.0,Acres,8700000.0,0,2015-08-18,2015,Humboldt
CA-SHF-002108,SOUTH COMPLEX,WF,41,123,29416.0,Acres,31770000.0,3,2015-08-01,2015,Siskiyou
CA-SHU-008300,DEMOCRAT,WF,41,123,128.0,Acres,1499592.0,0,2015-08-25,2015,Siskiyou
CA-ENF-019723,KYBURZ,WF,39,120,75.0,Acres,1860000.0,0,2015-07-23,2015,Douglas
CA-SRF-001488,Gasquet Complex,WF,42,124,30361.0,Acres,42548342.0,0,2015-08-01,2015,Del Norte
CA-SHU-007337,BARKER,WF,41,123,2124.0,Acres,250000.0,0,2015-07-31,2015,Siskiyou
CA-LNU-006678,WRAGG,WF,39,122,8051.0,Acres,21655500.0,2,2015-07-22,2015,Colusa
CA-SHF-002067,FORK COMPLEX,WF,41,123,36499.0,Acres,51700000.0,12,2015-07-31,2015,Siskiyou
CA-LNU-006984,ROCKY,WF,39,122,69438.0,Acres,46100000.0,96,2015-07-29,2015,Colusa
CA-LNU-008670,VALLEY,WF,39,123,76067.0,Acres,56220000.0,1958,2015-09-12,2015,Lake
CA-AEU-024918,BUTTE,WF,38,121,70868.0,Acres,74720784.0,818,2015-09-09,2015,San Joaquin
CA-HUU-005420,QUEEN,WF,41,124,158.0,Acres,3256960.0,0,2015-07-25,2015,Humboldt
CA-SHF-001371,SADDLE,WF,41,124,1542.0,Acres,9952000.0,0,2015-06-10,2015,Humboldt
CA-LNU-007410,JERUSALEM,WF,39,123,25118.0,Acres,25000000.0,27,2015-08-09,2015,Lake
CA-SRF-001476,Route Complex,WF,41,124,35675.0,Acres,25275680.0,2,2015-07-31,2015,Humboldt
CA-HIA-015181,DEER HORN # 2,WF,41,124,125.0,Acres,400000.0,0,2015-08-01,2015,Humboldt
CA-NEU-017851,LOWELL,WF,39,121,2304.0,Acres,18070860.0,3,2015-07-25,2015,Placer
CA-SRF-001433,MAD RIVER COMPLEX,WF,40,123,37462.0,Acres,33350510.0,4,2015-07-30,2015,Trinity
CA-SCU-005524,TESLA,WF,38,122,2700.0,Acres,1235397.0,1,2015-08-19,2015,Contra Costa
CA-BTU-014554,Meridian,WF,40,122,860.0,Acres,31000.0,0,2015-10-04,2015,Tehama
CA-HUU-005606,Humboldt Complex,WF,40,124,4883.0,Acres,30560608.0,7,2015-07-30,2015,Humboldt
CA-SKU-005078,YORK,WF,42,122,395.0,Acres,66500.0,0,2015-07-05,2015,Siskiyou
CA-MDF-000570,Frog,WF,41,121,4863.0,Acres,4900000.0,0,2015-07-31,2015,Shasta
CA-NOD-003806,DODGE,WF,41,120,10570.0,Acres,5500000.0,0,2015-08-03,2015,Lassen
CA-BTU-010917,SWEDES,WF,39,121,400.0,Acres,1600000.0,16,2015-07-29,2015,Placer
CA-SHF-000359,STEPHENS,WF,41,122,209.0,Acres,300000.0,0,2015-02-25,2015,Shasta
CA-LNU-007900,Peterson,WF,39,123,215.0,Acres,1246322.0,0,2015-08-23,2015,Lake
CA-SHF-002066,RIVER COMPLEX,WF,41,123,77081.0,Acres,32678783.0,0,2015-07-31,2015,Siskiyou
CA-MCP-002459,HORNO,WF,33,117,1846.0,Acres,100000.0,0,2015-08-13,2015,San Diego
CA-VNC-054109,Rustic,WF,34,119,186.0,Acres,400000.0,0,2015-08-14,2015,Ventura
CA-RRU-090069,ANZA,WF,34,117,543.0,Acres,1500000.0,0,2015-08-10,2015,San Bernardino
CA-BEU-004217,TASSAJARA,WF,36,122,1086.0,Acres,7000000.0,20,2015-09-19,2015,Monterey
CA-BDF-007894,LAKE,WF,34,117,31359.0,Acres,30000000.0,4,2015-06-17,2015,San Bernardino
CA-BDU-001662,Round,WF,37,119,6537.0,Acres,2400000.0,43,2015-02-06,2015,Fresno
CA-KRN-023976,Woody Complex,WF,36,119,224.0,Acres,438000.0,0,2015-07-05,2015,Tulare
CA-MCP-001210,MORTAR,WF,33,117,800.0,Acres,2000.0,0,2015-04-28,2015,San Diego
CA-OVD-000107,VAN DYKE,WF,38,119,509.0,Acres,260000.0,0,2015-02-07,2015,Mono
CA-SNF-001058,SKY,WF,37,120,500.0,Acres,5100000.0,0,2015-06-18,2015,Madera
CA-SNF-001746,ROUGH,WF,37,119,151623.0,Acres,120930243.0,4,2015-08-01,2015,Fresno
CA-TCU-007806,BIG CREEK,WF,38,120,204.0,Acres,2294360.0,0,2015-07-29,2015,Tuolumne
CA-VNC-15-0089187,SOLIMAR,WF,34,119,1288.0,Acres,2632436.0,0,2015-12-26,2015,Ventura
CA-KRN-030112,Deer,WF,35,119,311.0,Acres,0.0,0,2015-08-19,2015,Kern
CA-LPF-002288,Chorro,WF,35,119,282.0,Acres,1610000.0,0,2015-08-02,2015,Kern
CA-MCP-001207,CARL,WF,33,118,4000.0,Acres,1000.0,0,2015-04-28,2015,San Diego
CA-ORC-069367,241,WF,34,118,214.0,Acres,507000.0,2,2015-07-13,2015,Los Angeles
CA-YNP-000078,Middle,WF,38,120,260.0,Acres,55000.0,0,2015-07-27,2015,Tuolumne
CA-ANF-003128,PINES,WF,34,118,200.0,Acres,200000.0,0,2015-07-18,2015,Los Angeles
CA-BDF-009001,NORTH,WF,34,117,4250.0,Acres,2950000.0,23,2015-07-17,2015,San Bernardino
CA-BDF-010399,SUMMIT,WF,34,117,55.0,Acres,11600000.0,0,2015-08-23,2015,San Bernardino
CA-SLU-008555,CUESTA,WF,35,121,2446.0,Acres,15900000.0,1,2015-08-17,2015,San Luis Obispo
CA-LAC-173220,CALGROVE,WF,34,119,415.0,Acres,750000.0,0,2015-06-24,2015,Ventura
CA-MCP-001212,GRENADE,WF,33,117,2025.0,Acres,7500.0,0,2015-04-29,2015,San Diego
CA-SQF-002313,CABIN,WF,36,119,6980.0,Acres,7764389.0,0,2015-07-19,2015,Tulare
CA-TCU-009491,OAK,WF,38,120,108.0,Acres,697152.0,3,2015-09-08,2015,Tuolumne
CA-MVU-012844,WILDCAT,WF,33,117,171.0,Acres,766400.0,0,2015-06-18,2015,San Diego
CA-ANF-003651,WARM,WF,35,119,300.0,Acres,9000000.0,3,2015-08-16,2015,Kern
CA-FHL-001570,PEANUT,WF,36,121,1532.0,Acres,3900000.0,0,2015-06-11,2015,Monterey
CA-SLU-006113,PARKHILL,WF,35,120,1791.0,Acres,3500000.0,18,2015-06-20,2015,Santa Barbara
CA-ANF-003611,Cabin,WF,34,118,1723.0,Acres,3000000.0,3,2015-08-14,2015,Los Angeles
CA-SLU-007005,DEER,WF,36,121,95.0,Acres,2400000.0,0,2015-07-10,2015,Monterey
CA-MCP-001090,Windmill,WF,33,117,275.0,Acres,22000.0,0,2015-04-12,2015,San Diego
CA-SNF-001689,WILLOW,WF,37,120,5702.0,Acres,19000000.0,0,2015-07-25,2015,Madera
CA-RRU-044605,HIGHWAY,WF,34,118,1049.0,Acres,0.0,0,2015-04-19,2015,Los Angeles
CA-CNF-002466,CUTCA,WF,33,117,150.0,Acres,3000000.0,0,2015-07-24,2015,San Diego
CA-INF-001319,WALKER,WF,38,119,3676.0,Acres,6067783.52,0,2015-08-15,2015,Mono
CA-BEU-004218,LAURELES,WF,37,122,95.0,Acres,400000.0,0,2015-09-18,2015,Santa Cruz
CA-KRN-1530347,FLAT,WF,36,119,167.0,Acres,0.0,0,2015-08-20,2015,Tulare
CA-TUU-000381,TUU Lightning Complex,WF,36,119,446.0,Acres,1246369.0,0,2015-07-19,2015,Tulare
CA-YNP-000123,Tenaya,WF,38,120,415.0,Acres,1850000.0,0,2015-09-07,2015,Tuolumne
CA-SBC-007898,MESA,WF,35,120,211.0,Acres,1400000.0,0,2015-06-29,2015,Santa Barbara
CA-KNP-000044,Big Five,WF,36,118,265.0,Acres,50000.0,0,2015-06-17,2015,Kern
CA-MMU-011662,Corrine,WF,37,120,920.0,Acres,5600000.0,2,2015-06-19,2015,Madera
CA-MMU-013970,McCabe,WF,37,121,1333.0,Acres,725485.0,0,2015-07-19,2015,Merced
CA-BEU-004582,CIENEGA,WF,37,121,670.0,Acres,1800000.0,0,2015-10-12,2015,Merced
CA-LNU-009129,SAWMILL,WF,39,123,1547.0,Acres,2200000.0,0,2016-09-25,2016,Lake
CA-TGU-005731,COLYEAR,WF,40,123,464.0,Acres,1163035.0,0,2016-06-30,2016,Trinity
CA-LMU-004700,HOWARD,WF,41,121,380.0,Acres,438878.0,0,2016-09-11,2016,Shasta
CA-HUU-006956,TULLEY,WF,41,124,599.0,Acres,14750000.0,3,2016-08-22,2016,Humboldt
CA-LNU-007135,COLD,WF,39,122,5731.0,Acres,10497869.0,2,2016-08-03,2016,Colusa
CA-NEU-015200,TRAILHEAD,WF,39,121,5646.0,Acres,25782000.0,0,2016-06-28,2016,Placer
CA-PNF-001155,TOBIN,WF,40,121,248.0,Acres,2000000.0,0,2016-09-26,2016,Plumas
CA-SKU-007392,GRADE,WF,42,123,710.0,Acres,2094722.0,10,2016-08-24,2016,Siskiyou
CA-KNF-004500,Pony,WF,42,124,2860.0,Acres,20500000.0,0,2016-06-07,2016,Del Norte
CA-KNF-007501,GAP,WF,42,123,33867.0,Acres,29700000.0,14,2016-08-28,2016,Siskiyou
CA-SHF-001371,SADDLE,WF,41,124,1542.0,Acres,9952000.0,0,2015-06-10,2015,Humboldt
CA-SHU-006739,Fiddler,WF,40,123,441.0,Acres,314000.0,0,2016-07-09,2016,Trinity
CA-AEU-029631,Emerald,WF,39,120,176.0,Acres,326989.0,0,2016-10-14,2016,Douglas
CA-SCU-006912,LOMA,WF,37,122,4474.0,Acres,16300000.0,28,2016-09-26,2016,Santa Cruz
CA-LNU-007582,CLAYTON,WF,39,123,3929.0,Acres,18580412.0,300,2016-08-13,2016,Lake
CA-NEU-017851,LOWELL,WF,39,121,2304.0,Acres,18070860.0,3,2015-07-25,2015,Placer
CA-SCU-003873,COE,WF,37,121,120.0,Acres,500000.0,0,2016-06-07,2016,Merced
CA-LNU-005586,RESERVOIR,WF,39,123,215.0,Acres,325000.0,0,2016-06-27,2016,Lake
CA-BTU-013655,Saddle,WF,40,122,850.0,Acres,2800000.0,3,2016-09-05,2016,Tehama
CA-LMU-004695,WILLARD,WF,40,121,2575.0,Acres,11495469.0,7,2016-09-11,2016,Plumas
CA-ANF-002417,RESERVOIR,WF,34,118,1146.0,Acres,7782367.0,0,2016-06-20,2016,Los Angeles
CA-ANF-003008,SAND,WF,34,118,41383.0,Acres,35000000.0,20,2016-07-22,2016,Los Angeles
CA-ANF-002419,San Gabriel Complex,WF,34,118,4900.0,Acres,3700000.0,0,2016-06-20,2016,Los Angeles
CA-RRU-105125,BOGART,WF,34,117,1470.0,Acres,2576000.0,2,2016-08-30,2016,San Bernardino
CA-CND-001415,ERSKINE,WF,36,118,48019.0,Acres,23000000.0,286,2016-06-23,2016,Kern
CA-CND-032375,HAVILA,WF,35,119,304.0,Acres,1800000.0,0,2016-08-27,2016,Kern
CA-SNF-002370,SACATA,WF,37,119,2100.0,Acres,3520000.0,0,2016-10-11,2016,Fresno
CA-SQF-002595,CEDAR,WF,36,119,29322.0,Acres,58446000.0,6,2016-08-16,2016,Tulare
CA-LAC-16198015,SAGE,WF,34,119,1109.0,Acres,4500000.0,0,2016-07-09,2016,Ventura
CA-CND-001928,ONYX,WF,36,118,232.0,Acres,550000.0,1,2016-07-14,2016,Kern
CA-INF-001415,CLARK,WF,38,119,2819.0,Acres,3934872.0,0,2016-08-04,2016,Mono
CA-TCU-007341,PACHECO,WF,38,121,341.0,Acres,305897.0,2,2016-07-12,2016,San Joaquin
CA-SLU-008948,CHIMNEY,WF,36,121,46344.0,Acres,78300000.0,70,2016-08-13,2016,Monterey
CA-KRN-025390,FORT,WF,35,119,554.0,Acres,550156.0,0,2016-07-08,2016,Kern
CA-LPF-001643,Sherpa,WF,35,120,7474.0,Acres,19320000.0,5,2016-06-15,2016,Santa Barbara
CA-LPF-001504,Coleman,WF,36,121,2520.0,Acres,6515000.0,1,2016-06-04,2016,Monterey
CA-ANF-001912,WHEATLAND,WF,34,118,156.0,Acres,435037.0,0,2016-05-23,2016,Los Angeles
CA-FKU-010852,GOOSE,WF,37,119,2241.0,Acres,10400000.0,9,2016-07-30,2016,Fresno
CA-SNF-002154,CROWN,WF,37,119,800.0,Acres,256546.0,0,2016-09-16,2016,Fresno
CA-LAC-160799,OLD,WF,34,119,465.0,Acres,2500000.0,9,2016-06-04,2016,Ventura
CA-LPF-001986,Pine,WF,35,119,2304.0,Acres,15500000.0,0,2016-06-30,2016,Kern
CA-BEU-003422,SOBERANES,WF,36,122,132127.0,Acres,262500000.0,68,2016-07-22,2016,Monterey
CA-FKU-011358,MINERAL,WF,36,121,7050.0,Acres,11318195.0,2,2016-08-09,2016,Monterey
CA-CND-001134,CHIMNEY,WF,36,118,1324.0,Acres,2800000.0,0,2016-06-01,2016,Kern
CA-SQF-003456,Meadow,WF,36,119,4347.0,Acres,650000.0,0,2016-10-30,2016,Tulare
CA-TCU-009339,WILLOW,WF,38,121,450.0,Acres,950250.0,1,2016-08-28,2016,San Joaquin
CA-STF-002417,EARLY,WF,38,120,187.0,Acres,150000.0,0,2016-08-29,2016,Tuolumne
CA-LPF-002809,REY,WF,35,120,32606.0,Acres,29910000.0,5,2016-08-18,2016,Santa Barbara
CA-MCP-002125,ROBLAR,WF,33,117,1245.0,Acres,2000000.0,0,2016-07-21,2016,San Diego
CA-BEU-002369,METZ,WF,36,121,3876.0,Acres,825436.0,0,2016-05-22,2016,Monterey
CA-FKU-006574,AVOCADO,WF,37,119,132.0,Acres,50000.0,0,2016-05-15,2016,Fresno
CA-CND-001171,SODA,WF,35,120,2003.0,Acres,500000.0,0,2016-06-05,2016,Santa Barbara
CA-CNF-002642,HOLY,WF,34,118,150.0,Acres,1700000.0,0,2016-08-31,2016,Los Angeles
CA-INF-001763,OWENS RIVER,WF,38,119,5443.0,Acres,4908589.0,4,2016-09-17,2016,Mono
CA-MVU-014498,Border 3,WF,33,117,7609.0,Acres,19500000.0,16,2016-06-19,2016,San Diego
CA-SQF-003384,Jacobson,WF,36,119,1702.0,Acres,2336898.0,0,2016-10-21,2016,Tulare
CA-STF-002609,OLD,WF,38,120,150.0,Acres,700000.0,0,2016-09-13,2016,Tuolumne
CA-KRN-024109,Deer,WF,35,119,1785.0,Acres,5000000.0,0,2016-07-01,2016,Kern
CA-FKU-009100,CURRY,WF,36,120,2944.0,Acres,2400000.0,0,2016-07-02,2016,Kings
CA-TCU-006914,APPALOOSA,WF,38,121,310.0,Acres,1150465.0,0,2016-07-02,2016,San Joaquin
CA-FHL-001475,Stony,WF,36,121,3000.0,Acres,1500000.0,0,2016-06-02,2016,Monterey
CA-LAC-177288,Fish,WF,34,118,4253.0,Acres,7341153.0,0,2016-06-20,2016,Los Angeles
CA-AFV-003151,CANYON,WF,35,121,12742.0,Acres,15800000.0,0,2016-09-18,2016,San Luis Obispo
CA-INF-000992,MARINA,WF,38,119,654.0,Acres,3781618.0,1,2016-06-24,2016,Mono
CA-INF-001421,ROCK CREEK,WF,38,119,122.0,Acres,1100000.0,0,2016-08-05,2016,Mono
CA-INF-001457,HORSESHOE,WF,36,118,369.0,Acres,2697471.0,0,2016-08-09,2016,Kern
CA-SNF-001415,SPRING,WF,37,119,179.0,Acres,666689.0,0,2016-07-12,2016,Fresno
CA-SQF-003261,Slate,WF,36,119,2160.0,Acres,2045511.0,0,2016-10-04,2016,Tulare
CA-STF-002257,MOKELUMNE,WF,39,120,655.0,Acres,250000.0,0,2016-08-19,2016,Douglas
CA-YNP-000041,Lakes,WF,38,120,1000.0,Acres,124203.99,0,2016-06-26,2016,Tuolumne
CA-KRN-032270,RANGE,WF,35,119,516.0,Acres,1450000.0,0,2016-08-26,2016,Kern
CA-AFV-003193,Washington,WF,35,121,204.0,Acres,300000.0,0,2016-09-22,2016,San Luis Obispo
CA-BDF-010468,BLUE CUT Type 3,WF,34,117,36274.0,Acres,20000.0,321,2016-08-16,2016,San Bernardino
CA-BDF-010205,PILOT,WF,34,117,8110.0,Acres,2800000.0,0,2016-08-07,2016,San Bernardino
CA-RRU-067665,Temecula,WF,33,117,139.0,Acres,898575.0,0,2016-06-04,2016,San Diego
CA-INF-000885,ASH,WF,36,118,110.0,Acres,40000.0,0,2016-06-12,2016,Kern
CA-SQF-003464,Hidden,WF,36,119,2768.0,Acres,685000.0,0,2016-11-02,2016,Tulare
CA-TCU-010403,MARSHES,WF,38,120,1080.0,Acres,5813452.0,0,2016-09-26,2016,Tuolumne
CA-SLU-005280,Camp Roberts,WF,36,121,3712.0,Acres,541871.0,0,2016-05-18,2016,Monterey
CA-ENF-026677,TABLE,WF,39,120,426.0,Acres,0.0,0,2017-09-09,2017,Douglas
CA-LNU-010046,ATLAS,WF,38,122,25000.0,Acres,1200000.0,125,2017-10-09,2017,Contra Costa
CA-MNF-001227,SKELETON,WF,39,123,200.0,Acres,700000.0,0,2017-09-12,2017,Lake
CA-CZU-007822,BEAR,WF,37,122,391.0,Acres,7061020.0,4,2017-10-17,2017,Santa Cruz
CA-PNF-001145,POSLIN,WF,40,120,860.0,Acres,485000.0,0,2017-08-07,2017,Lassen
CA-LNU-006262,WINTER,WF,38,122,2269.0,Acres,1800000.0,0,2017-07-06,2017,Contra Costa
CA-LNU-010093,CENTRAL LNU COMPLEX,WF,38,123,27500.0,Acres,4105000.0,0,2017-10-09,2017,Marin
CA-LNU-010051,PARTRICK,WF,38,122,1000.0,Acres,250000.0,0,2017-10-09,2017,Contra Costa
CA-NEU-026269,CASCADE,WF,39,121,8200.0,Acres,2000000.0,200,2017-10-09,2017,Placer
CA-MEU-012172,Redwood Valley Incident,WF,39,123,21000.0,Acres,0.0,90,2017-10-09,2017,Lake
CA-LNU-010049,NUNS,WF,38,123,5000.0,Acres,250000.0,0,2017-10-09,2017,Marin
CA-MDF-000862,PARKER2,WF,41,120,7697.0,Acres,10400000.0,1,2017-08-03,2017,Lassen
CA-MDF-000415,BATTLE,WF,42,121,640.0,Acres,350000.0,0,2017-06-28,2017,Klamath
CA-NEU-026279,MCCOURTNEY,WF,39,121,72.0,Acres,100000.0,12,2017-10-09,2017,Placer
CA-NEU-026295,NEU WIND COMPLEX,WF,39,121,17037.0,Acres,15590000.0,398,2017-10-09,2017,Placer
CA-BTU-013737,PONDEROSA,WF,40,121,4016.0,Acres,18838413.0,54,2017-08-29,2017,Plumas
CA-SHF-001770,HELENA,WF,41,123,21449.0,Acres,30640000.0,133,2017-08-31,2017,Siskiyou
CA-SHF-001555,FORK,WF,41,123,3535.06,Acres,550000.0,0,2017-08-08,2017,Siskiyou
CA-SRF-000874,DUTCHMAN,WF,40,123,1523.0,Acres,0.0,0,2017-08-08,2017,Trinity
CA-MDF-000656,RIMROCK,WF,42,121,700.0,Acres,1.0,0,2017-07-24,2017,Klamath
CA-NOD-030366,Long Valley,WF,40,120,83733.0,Acres,11953000.0,8,2017-07-11,2017,Lassen
CA-BTU-015954,La Porte,WF,39,121,3000.0,Acres,1000000.0,0,2017-10-09,2017,Placer
CA-LNU-010105,SOUTHERN LNU COMPLEX,WF,38,122,51624.0,Acres,48509895.0,783,2017-10-09,2017,Contra Costa
CA-LNU-010104,CENTRAL LNU COMPLEX,WF,38,123,110720.0,Acres,102000000.0,7010,2017-10-09,2017,Marin
CA-KNF-006016,OAK,WF,42,123,86830.0,Acres,1.0,0,2017-08-12,2017,Siskiyou
CA-KNF-006029,WALLOW,WF,41,123,5272.0,Acres,775000.0,0,2017-08-11,2017,Siskiyou
CA-PNF-001272,TOLL,WF,40,121,58.0,Acres,1300000.0,0,2017-08-20,2017,Plumas
CA-BTU-015933,CHEROKEE,WF,40,122,8417.0,Acres,648000.0,0,2017-10-09,2017,Tehama
CA-NOD-005180,R-4,WF,41,120,18618.0,Acres,575000.0,0,2017-08-30,2017,Lassen
CA-NEU-021927,BEALE,WF,39,121,950.0,Acres,350000.0,0,2017-08-20,2017,Placer
CA-PNF-001043,Minerva 5,WF,40,121,4310.0,Acres,20500000.0,0,2017-07-29,2017,Plumas
CA-SRF-000863,YOUNG,WF,42,124,21377.0,Acres,2800000.0,0,2017-08-08,2017,Del Norte
CA-KNF-005915,CEDAR,WF,42,123,9122.0,Acres,1.0,0,2017-08-08,2017,Siskiyou
CA-SRF-000916,ZULU 7,WF,42,123,19.0,Acres,0.0,0,2017-08-12,2017,Siskiyou
CA-KNF-005502,CLEAR,WF,42,124,6700.0,Acres,0.0,0,2017-07-25,2017,Del Norte
CA-LNU-010045,TUBBS,WF,39,123,28000.0,Acres,4105000.0,576,2017-10-09,2017,Lake
CA-MEU-012169,Mendocino Lake Complex,WF,40,123,38730.0,Acres,25000000.0,706,2017-10-09,2017,Trinity
CA-NEU-026275,LOBO,WF,39,121,880.0,Acres,1000000.0,8,2017-10-09,2017,Placer
CA-SRF-001289,RIVERS,WF,40,124,148.0,Acres,125000.0,1,2017-10-14,2017,Humboldt
CA-BTU-010975,WALL,WF,39,121,6033.0,Acres,14827826.0,91,2017-07-07,2017,Placer
CA-MRN-002957,Thirty Seven,WF,38,122,1660.0,Acres,300000.0,0,2017-10-09,2017,Contra Costa
CA-LNU-010055,Sulfur,WF,39,123,2500.0,Acres,0.0,205,2017-10-09,2017,Lake
CA-BTU-015990,HONEY,WF,40,122,150.0,Acres,725000.0,0,2017-10-09,2017,Tehama
CA-PNF-001488,Eureka,WF,40,121,437.0,Acres,510000.0,0,2017-09-06,2017,Plumas
CA-NOD-001810,WEST,WF,41,120,401.0,Acres,20000.0,0,2017-04-01,2017,Lassen
CA-PNF-001273,SQUIRREL,WF,40,121,130.0,Acres,1000000.0,0,2017-08-20,2017,Plumas
CA-AEU-021652,Latrobe Incident,WF,39,121,1268.0,Acres,300000.0,0,2017-07-26,2017,Placer
CA-BTU-0015314,SODA,WF,40,122,143.0,Acres,1919575.0,0,2017-09-28,2017,Tehama
CA-MDF-001101,JONES,WF,42,121,292.0,Acres,475000.0,0,2017-08-23,2017,Klamath
CA-NOD-004279,R-21,WF,41,120,589.0,Acres,85000.0,0,2017-07-26,2017,Lassen
CA-SRF-000703,Marble,WF,41,124,319.0,Acres,21000000.0,0,2017-07-19,2017,Humboldt
CA-KNF-006672,DEEP,WF,42,123,150.0,Acres,26000.0,0,2017-09-07,2017,Siskiyou
CA-KNF-004540,ISLAND,WF,41,123,13497.0,Acres,50145.0,0,2017-06-26,2017,Siskiyou
CA-KNF-006729,LITTLE BUCK,WF,42,124,113.0,Acres,0.0,0,2017-09-07,2017,Del Norte
CA-NOD-005152,MUD,WF,40,120,6042.0,Acres,100000.0,0,2017-08-29,2017,Lassen
CA-NEU-022877,PLEASANT,WF,39,121,392.0,Acres,0.0,1,2017-08-30,2017,Placer
CA-KNF-005958,GARDEN,WF,41,123,183.0,Acres,367165.0,0,2017-08-10,2017,Siskiyou
CA-SRF-000928,ALPHA 1,WF,42,123,2.5,Acres,0.0,0,2017-08-13,2017,Siskiyou
CA-SKU-004779,FAY,WF,41,123,469.0,Acres,2400000.0,2,2017-07-05,2017,Siskiyou
CA-MDF-001102,BOLES,WF,42,121,370.54,Acres,750000.0,0,2017-08-23,2017,Klamath
CA-TNF-000992,CHILCOOT,WF,40,120,1021.0,Acres,800000.0,0,2017-08-06,2017,Lassen
CA-SHF-001850,BUCK,WF,40,123,13434.0,Acres,11500000.0,0,2017-09-13,2017,Trinity
CA-LNU-010057,Pocket,WF,39,123,1800.0,Acres,0.0,0,2017-10-09,2017,Lake
CA-MEU-008307,GRADE,WF,39,123,900.0,Acres,1700000.0,1,2017-07-16,2017,Lake
CA-SHU-009460,BERRY,WF,41,122,995.0,Acres,7074141.0,0,2017-09-12,2017,Shasta
CA-MDF-000541,DOBE,WF,42,121,410.0,Acres,750000.0,0,2017-07-13,2017,Klamath
CA-RRU-078840,MANZANITA,WF,34,117,6309.0,Acres,3900000.0,0,2017-06-26,2017,San Bernardino
CA-BDF-010468,BLUE CUT Type 3,WF,34,117,36274.0,Acres,0.0,0,2016-08-16,2016,San Bernardino
CA-FKU-008759,CREEK,WF,36,121,357.0,Acres,1760479.0,4,2017-06-24,2017,Monterey
CA-MMU-019222,EASTMAN,WF,37,120,429.0,Acres,210000.0,0,2017-09-18,2017,Madera
CA-SNF-001743,RAILROAD,WF,37,120,12407.0,Acres,21500000.0,17,2017-08-29,2017,Madera
CA-KRN-027936,HUDSON,WF,35,119,1083.0,Acres,100000.0,0,2017-07-18,2017,Kern
CA-ANF-002273,LAKE,WF,35,119,800.0,Acres,800000.0,0,2017-06-17,2017,Kern
CA-BDU-010918,BRYANT 2,WF,34,117,325.0,Acres,2537276.0,1,2017-08-03,2017,San Bernardino
CA-FKU-004581,JAYNE,WF,36,120,5738.0,Acres,120000.0,0,2017-04-20,2017,Kings
CA-MVU-012098,Gate,WF,33,117,2056.0,Acres,1800000.0,0,2017-05-20,2017,San Diego
CA-SQF-002435,CALDWELL,WF,36,118,1319.0,Acres,6000000.0,0,2017-09-01,2017,Kern
CA-TCU-012170,POINT,WF,38,121,130.0,Acres,260000.0,18,2017-10-09,2017,San Joaquin
CA-RRU-082316,Eagle,WF,34,117,205.0,Acres,219964.0,0,2017-07-04,2017,San Bernardino
CA-RRU-067665,Temecula,WF,33,117,139.0,Acres,0.0,0,2016-06-04,2016,San Diego
CA-CNF-003839,WILDOMAR,WF,34,117,866.0,Acres,4250000.0,0,2017-10-31,2017,San Bernardino
CA-LPF-002123,Red,WF,35,120,450.0,Acres,0.0,0,2017-08-02,2017,Santa Barbara
CA-MCP-17-2047,Cristianitos,WF,33,118,761.0,Acres,500000.0,0,2017-06-28,2017,San Diego
CA-FKU-006727,ELM 2,WF,36,120,10343.0,Acres,800000.0,0,2017-05-18,2017,Kings
CA-FKU-009755,GARZA,WF,36,120,48889.0,Acres,15453433.0,1,2017-07-09,2017,Kings
CA-MMU-018115,MISSION,WF,37,119,1035.0,Acres,13800000.0,7,2017-09-03,2017,Fresno
CA-SQF-001223,HIGHWAY,WF,36,119,1522.0,Acres,3000000.0,0,2017-06-18,2017,Tulare
CA-SQF-001989,GARDEN,WF,36,119,1350.0,Acres,1900000.0,0,2017-07-30,2017,Tulare
CA-SQF-002753,LION,WF,36,118,19215.0,Acres,2500000.0,0,2017-09-25,2017,Kern
CA-TCU-009024,JACKSONVILLE,WF,38,120,690.0,Acres,715000.0,1,2017-07-29,2017,Tuolumne
CA-YNP-000084,Empire,WF,38,120,8094.0,Acres,1279363.0,0,2017-08-01,2017,Tuolumne
CA-RRU-099747,BLAINE,WF,34,117,1044.0,Acres,832000.0,0,2017-08-13,2017,San Bernardino
CA-RRU-151090,LIBERTY,WF,34,117,300.0,Acres,1000000.0,3,2017-12-07,2017,San Bernardino
CA-SBC-012621,RUCKER,WF,35,120,444.0,Acres,1866316.0,0,2017-09-29,2017,Santa Barbara
CA-KRN-024894,TARINA,WF,35,119,1200.0,Acres,250000.0,0,2017-06-30,2017,Kern
CA-LFD-000965,La Tuna,WF,34,118,7194.0,Acres,7800000.0,10,2017-09-01,2017,Los Angeles
CA-LPF-001986,Pine,WF,35,119,2304.0,Acres,0.0,0,2016-06-30,2016,Kern
CA-BDU-009854,Bridge 2,WF,34,117,460.0,Acres,1299517.0,0,2017-07-14,2017,San Bernardino
CA-BDF-006700,TOWER,WF,34,117,150.0,Acres,200000.0,0,2017-04-30,2017,San Bernardino
CA-FHL-001267,RANGE,WF,36,121,1972.0,Acres,50000.0,0,2017-06-05,2017,Monterey
CA-ORC-110494,CANYON 2,WF,34,118,9217.0,Acres,13725000.0,25,2017-10-09,2017,Los Angeles
CA-MMU-014474,DETWILER,WF,38,120,81826.0,Acres,90000000.0,131,2017-07-16,2017,Tuolumne
CA-SLU-010107,MARGARITA,WF,35,120,120.0,Acres,369935.0,0,2017-09-04,2017,Santa Barbara
CA-VNC-17-0091038,VISTA,WF,34,119,86.0,Acres,750000.0,0,2017-10-24,2017,Ventura
CA-KRN-031474,ROSE,WF,35,119,338.0,Acres,150000.0,0,2017-08-10,2017,Kern
CA-LAC-187296,PLACERITA IC,WF,34,118,760.0,Acres,560000.0,3,2017-06-25,2017,Los Angeles
CA-MCP-001494,DELUZ,WF,33,117,486.0,Acres,100000.0,0,2017-05-19,2017,San Diego
CA-BDF-009802,MART,WF,34,117,670.0,Acres,1000000.0,0,2017-06-27,2017,San Bernardino
CA-BEU-0003551,PARKFIELD,WF,36,121,1816.0,Acres,100000.0,1,2017-07-09,2017,Monterey
CA-FKU-010248,PARK,WF,36,120,1649.0,Acres,7753000.0,0,2017-07-17,2017,Kings
CA-MMU-013291,SPRING,WF,37,120,225.0,Acres,2500000.0,0,2017-07-02,2017,Madera
CA-OVD-001478,SLINKARD,WF,39,120,8925.0,Acres,5708000.0,0,2017-08-29,2017,Douglas
CA-INF-001235,GRANT,WF,38,119,400.0,Acres,748779.0,0,2017-08-01,2017,Mono
CA-INF-001264,INDIAN,WF,36,118,2295.0,Acres,3400000.0,0,2017-08-03,2017,Kern
CA-MMU-011650,OAKWOOD,WF,37,120,1431.0,Acres,1500000.0,0,2017-06-10,2017,Madera
CA-MMU-013022,BEN,WF,37,120,630.0,Acres,2708850.0,0,2017-06-28,2017,Madera
CA-MMU-018116,PEAK,WF,37,120,680.0,Acres,1000000.0,2,2017-09-03,2017,Madera
CA-SNF-001476,BUTTE,WF,38,119,635.0,Acres,1250000.0,0,2017-08-07,2017,Mono
CA-TUU-000420,Elephant,WF,36,119,416.0,Acres,250000.0,0,2017-07-21,2017,Tulare
CA-STF-002590,CREEK,WF,38,120,1749.0,Acres,250000.0,0,2017-09-04,2017,Tuolumne
CA-STF-001940,DOUGLAS,WF,38,120,311.0,Acres,400000.0,0,2017-07-31,2017,Tuolumne
CA-TUU-000441,ROADRUNNER,WF,36,119,2289.0,Acres,800000.0,0,2017-07-30,2017,Tulare
CA-VNC-103156,THOMAS,WF,34,119,281893.0,Acres,203211950.0,1063,2017-12-05,2017,Ventura
CA-SLU-007792,STONE,WF,35,120,340.0,Acres,1014074.0,7,2017-07-09,2017,Santa Barbara
CA-RRU-053193,OPERA,WF,34,117,1350.0,Acres,610000.0,0,2017-04-30,2017,San Bernardino
CA-KRN-026078,Quail Complex,WF,36,119,1626.0,Acres,0.0,0,2017-07-06,2017,Tulare
CA-LFD-030179,SKIRBALL,WF,34,118,422.0,Acres,8156400.0,6,2017-12-06,2017,Los Angeles
CA-MVU-024612,LILAC 5,WF,33,117,4100.0,Acres,12998946.0,157,2017-12-07,2017,San Diego
CA-SLU-007101,HILL,WF,35,120,1598.0,Acres,4581300.0,4,2017-06-26,2017,Santa Barbara
CA-RRU-094091,ROSE,WF,34,117,188.0,Acres,2000000.0,0,2017-07-31,2017,San Bernardino
CA-RRU-108660,PALMER,WF,34,117,3874.0,Acres,2609149.0,0,2017-09-02,2017,San Bernardino
CA-LAC-362189,CREEK,WF,34,118,15619.0,Acres,17577000.0,123,2017-12-05,2017,Los Angeles
CA-LPF-002809,REY,WF,35,120,32606.0,Acres,0.0,5,2016-08-18,2016,Santa Barbara
CA-BDF-009443,HOLCOMB,WF,34,117,1503.0,Acres,7445000.0,0,2017-06-19,2017,San Bernardino
CA-FKU-009289,DERRICK,WF,36,120,1538.0,Acres,1105059.0,0,2017-07-03,2017,Kings
CA-ORC-105068,Canyon,WF,34,118,2662.0,Acres,11131813.0,0,2017-09-25,2017,Los Angeles
CA-SNF-001419,CROWN,WF,37,119,165.0,Acres,25000.0,0,2017-08-03,2017,Fresno
CA-SQF-001317,SCHAEFFER,WF,36,118,16031.0,Acres,16079800.0,0,2017-06-24,2017,Kern
CA-TUU-000286,DINELY,WF,36,119,339.0,Acres,2244949.0,0,2017-06-07,2017,Tulare
CA-SLU-007678,TOWER,WF,35,121,58.0,Acres,200000.0,0,2017-07-07,2017,San Luis Obispo
CA-RRU-100198,MIAS,WF,34,117,545.0,Acres,3800000.0,0,2017-08-14,2017,San Bernardino
CA-LAC-362441,RYE,WF,34,119,6049.0,Acres,7204367.0,6,2017-12-05,2017,Ventura
CA-LPF-001770,Whittier,WF,35,120,18430.0,Acres,0.0,0,2017-07-08,2017,Santa Barbara
CA-MVU-016909,JENNINGS,WF,33,117,400.0,Acres,914236.0,0,2017-07-11,2017,San Diego
CA-SQF-002385,PIER,WF,36,119,36556.0,Acres,38760000.0,2,2017-08-29,2017,Tulare
CA-YNP-000108,South Fork,WF,38,120,7564.0,Acres,8607455.0,0,2017-08-13,2017,Tuolumne
CA-SLU-007624,ALAMO,WF,35,120,28687.0,Acres,19900000.0,14,2017-07-06,2017,Santa Barbara
CA-MNF-000874,EEL,WF,40,123,972.0,Acres,1300000.0,10,2018-07-31,2018,Trinity
CA-TGU-009672,Sun,WF,40,122,3889.0,Acres,1500000.0,0,2018-10-07,2018,Tehama
CA-MDF-000728,JUNIPER,WF,42,121,79.0,Acres,350000.0,0,2018-07-18,2018,Klamath
CA-LMU-003203,HYATT,WF,40,120,441.0,Acres,500000.0,9,2018-06-27,2018,Lassen
CA-SHF-001444,DELTA,WF,41,122,63311.0,Acres,64429020.0,45,2018-09-05,2018,Shasta
CA-TGU-006039,STOLL,WF,40,122,268.0,Acres,0.0,24,2018-06-23,2018,Tehama
CA-SHF-001223,HIRZ,WF,41,122,46150.0,Acres,55511216.0,0,2018-08-09,2018,Shasta
CA-SKU-004641,KLAMATHON,WF,42,123,38008.0,Acres,33500000.0,82,2018-07-05,2018,Siskiyou
CA-TGU-006031,LANE,WF,40,122,3716.0,Acres,8250000.0,0,2018-06-23,2018,Tehama
CA-AEU-018720,IRISH,WF,38,121,825.0,Acres,600000.0,7,2018-07-06,2018,San Joaquin
CA-NOD-003575,EAGLE,WF,41,120,2100.0,Acres,570000.0,0,2018-07-14,2018,Lassen
CA-SCU-003726,Grant,WF,38,122,484.0,Acres,350000.0,6,2018-05-30,2018,Contra Costa
CA-BTU-016272,JUNE,WF,39,122,550.0,Acres,200000.0,0,2018-10-30,2018,Colusa
CA-SHF-000382,GRAPE,WF,41,124,226.0,Acres,2200000.0,0,2018-04-24,2018,Humboldt
CA-SHU-006565,CREEK,WF,41,122,1678.0,Acres,3445758.0,11,2018-06-24,2018,Shasta
CA-KNF-004499,PETERSBURG,WF,41,123,215.0,Acres,1720000.0,2,2018-07-01,2018,Siskiyou
CA-TGU-005555,APPLE,WF,40,122,2956.0,Acres,184857.0,9,2018-06-09,2018,Tehama
CA-TGU-005560,CHROME,WF,40,123,2290.0,Acres,935778.0,1,2018-06-09,2018,Trinity
CA-LNU-009002,PAWNEE,WF,39,123,15185.0,Acres,36500000.0,22,2018-06-24,2018,Lake
CA-NEU-008412,Butte Fire,WF,39,122,1200.0,Acres,110000.0,0,2018-08-01,2018,Colusa
CA-SHU-008470,Hat,WF,41,122,1900.0,Acres,2565927.0,0,2018-08-09,2018,Shasta
CA-SHU-006744,FLAT,WF,41,123,300.0,Acres,5350000.0,0,2018-06-29,2018,Siskiyou
CA-HIA-000115,MILL CREEK 1,WF,41,124,3674.0,Acres,7559181.65,0,2018-08-16,2018,Humboldt
CA-TGU-000649,Dale,WF,40,122,856.0,Acres,578552.0,0,2018-07-09,2018,Tehama
CA-LNU-012354,NELSON,WF,38,122,2162.0,Acres,425000.0,1,2018-08-11,2018,Contra Costa
CA-MDF-001193,STONE,WF,41,121,39387.0,Acres,16900000.0,2,2018-08-15,2018,Shasta
CA-MEU-008646,RANCH,WF,39,123,410203.0,Acres,201000000.0,0,2018-07-27,2018,Lake
CA-BTU-010359,STONEY,WF,40,122,962.0,Acres,1245246.0,0,2018-07-13,2018,Tehama
CA-WNP-001084,CARR,WF,41,123,229651.0,Acres,158744844.0,1604,2018-07-23,2018,Siskiyou
CA-SHF-001438,KERLIN,WF,41,124,1751.0,Acres,8379000.0,5,2018-09-04,2018,Humboldt
CA-TNF-001355,NORTH,WF,39,121,1120.0,Acres,11000000.0,0,2018-09-03,2018,Placer
CA-LNF-003951,WHALEBACK,WF,41,121,18703.0,Acres,8900000.0,0,2018-07-27,2018,Shasta
CA-BTU-016737,CAMP,WF,40,121,153336.0,Acres,102843527.0,18804,2018-11-08,2018,Plumas
CA-LNU-014193,SNELL,WF,39,122,2490.0,Acres,6355703.0,0,2018-09-08,2018,Colusa
CA-LNU-010755,EIGHTY EIGHT,WF,39,122,822.0,Acres,610000.0,0,2018-07-18,2018,Colusa
CA-LNU-009502,COUNTY,WF,39,122,90288.0,Acres,46900854.0,30,2018-06-30,2018,Colusa
CA-SCU-005218,COUNTRY,WF,37,122,320.0,Acres,750000.0,1,2018-07-22,2018,Santa Cruz
CA-LNF-005194,Wilson,WF,40,121,261.0,Acres,1128000.0,1,2018-09-28,2018,Plumas
CA-NOD-002938,TUMBLEWEED,WF,40,120,646.0,Acres,350000.0,0,2018-06-15,2018,Lassen
CA-PNF-001500,MURPHY,WF,40,121,117.0,Acres,1700000.0,0,2018-08-07,2018,Plumas
CA-LMU-003881,Roxie,WF,40,121,167.0,Acres,350000.0,0,2018-07-24,2018,Plumas
CA-MVU-011206,PASQUAL,WF,33,117,365.0,Acres,1190000.0,0,2018-07-27,2018,San Diego
CA-SQF-002786,Mountaineer Fire,WF,36,119,1270.0,Acres,1050008.0,0,2018-10-13,2018,Tulare
CA-BDF-010596,BOX,WF,34,117,61.0,Acres,0.0,0,2018-07-06,2018,San Bernardino
CA-BEU-003992,Gulch,WF,36,121,650.0,Acres,75000.0,0,2018-08-11,2018,Monterey
CA-BEU-002666,AIRLINE,WF,36,121,1314.0,Acres,4700000.0,0,2018-06-04,2018,Monterey
CA-TCU-010699,Tulloch,WF,38,121,573.0,Acres,330000.0,0,2018-09-08,2018,San Joaquin
CA-STF-001702,DONNELL,WF,38,120,36450.0,Acres,33600000.0,135,2018-08-02,2018,Tuolumne
CA-BDU-005618,MOFFAT,WF,37,118,1265.0,Acres,1500000.0,0,2018-04-19,2018,Inyo
CA-BEU-003069,SAN ARDO,WF,36,121,375.0,Acres,510000.0,0,2018-06-26,2018,Monterey
CA-RRU-074609,EUCLID,WF,34,118,154.0,Acres,2000000.0,0,2018-06-12,2018,Los Angeles
CA-CNF-002664,HOLY,WF,34,118,23025.0,Acres,25719730.0,24,2018-08-06,2018,Los Angeles
CA-MMU-008764,Nees,WF,37,121,1756.0,Acres,500000.0,0,2018-05-02,2018,Merced
CA-TCU-007477,WAVERLY,WF,38,121,11789.0,Acres,2500000.0,3,2018-06-29,2018,San Joaquin
CA-SNF-000745,FERGUSON,WF,38,120,96901.0,Acres,118500000.0,11,2018-07-14,2018,Tuolumne
CA-ANF-003454,FORK,WF,34,118,166.0,Acres,834139.0,0,2018-09-09,2018,Los Angeles
CA-BDF-010610,VALLEY,WF,34,117,1350.0,Acres,0.0,0,2018-07-06,2018,San Bernardino
CA-ORC-064103,SANTIAGO,WF,34,118,155.0,Acres,700000.0,0,2018-06-11,2018,Los Angeles
CA-CNF-002238,WEST,WF,33,117,505.0,Acres,1200000.0,56,2018-07-06,2018,San Diego
CA-VNC-103156,THOMAS,WF,34,119,281893.0,Acres,230000000.0,1063,2017-12-05,2017,Ventura
CA-INF-001394,OWENS,WF,38,119,338.0,Acres,434432.0,0,2018-07-31,2018,Mono
CA-MVU-008372,RECYCLE,WF,33,116,265.0,Acres,1232781.0,0,2018-06-06,2018,San Diego
CA-BEU-003889,TURKEY,WF,36,120,2225.0,Acres,150000.0,0,2018-08-06,2018,Kings
CA-KNP-000169,Eden,WF,36,119,1777.0,Acres,120000.0,0,2018-10-04,2018,Tulare
CA-MMU-019816,OAK,WF,37,120,360.0,Acres,2400000.0,0,2018-09-22,2018,Madera
CA-SNF-000493,LIONS,WF,38,119,12990.0,Acres,13919710.73,0,2018-06-11,2018,Mono
CA-LAC-166129,Stone,WF,35,119,1352.0,Acres,2900000.0,0,2018-06-04,2018,Kern
CA-BDF-011390,CRANSTON,WF,34,117,13139.0,Acres,22062454.0,12,2018-07-25,2018,San Bernardino
CA-BEU-002837,BEAVER,WF,36,121,215.0,Acres,2041752.0,0,2018-06-12,2018,Monterey
CA-BEU-002668,EASTERN,WF,36,121,513.0,Acres,1900000.0,0,2018-06-05,2018,Monterey
CA-RRU-090869,SKYLINE,WF,34,118,282.0,Acres,2200000.0,0,2018-07-19,2018,Los Angeles
CA-SBC-008657,HOLIDAY,WF,34,120,113.0,Acres,1000000.0,22,2018-07-06,2018,Santa Barbara
CA-VNC-090993,Hill,WF,34,119,4531.0,Acres,9801215.0,4,2018-11-08,2018,Ventura
CA-MMU-011264,O'NEALS,WF,37,120,300.0,Acres,350000.0,0,2018-06-05,2018,Madera
CA-SQF-002140,CALL,WF,36,119,367.0,Acres,775000.0,0,2018-08-18,2018,Tulare
CA-SQF-002733,ALDER,WF,36,119,4654.0,Acres,3169809.0,0,2018-10-04,2018,Tulare
CA-LPF-002334,Front Incident,WF,35,120,1014.0,Acres,4200000.0,0,2018-08-19,2018,Santa Barbara
CA-BDF-012772,STERLING,WF,34,117,125.0,Acres,300000.0,0,2018-09-01,2018,San Bernardino
CA-BDU-002752,PLEASANT,WF,37,119,2070.0,Acres,2267728.0,0,2018-02-19,2018,Fresno
CA-BEU-004537,METZ,WF,36,121,420.0,Acres,65000.0,0,2018-09-13,2018,Monterey
CA-OVD-001396,HOTCREEK,WF,38,119,419.0,Acres,261663.0,0,2018-07-31,2018,Mono
CA-YNP-000085,Indian,WF,38,120,385.0,Acres,100000.0,0,2018-09-04,2018,Tuolumne
CA-VNC-091023,WOOLSEY,WF,34,119,96949.0,Acres,56943320.0,1643,2018-11-08,2018,Ventura
CA-CNP-000713,Santa Cruz,WF,34,120,258.0,Acres,1200000.0,1,2018-03-27,2018,Santa Barbara
CA-INF-001071,GEORGES,WF,37,118,2941.0,Acres,4412394.0,0,2018-07-08,2018,Inyo
CA-KNP-000085,Horse Creek,WF,36,119,30.0,Acres,910759.0,0,2018-07-19,2018,Tulare
CA-LPF-002476,Ogilvy,WF,35,120,172.0,Acres,1900000.0,0,2018-09-01,2018,Santa Barbara
CA-MMU-012081,Planada,WF,37,120,4564.0,Acres,725746.0,0,2018-06-15,2018,Madera
CA-LAC-171655,SOUTH,WF,34,119,175.0,Acres,1100000.0,0,2018-06-09,2018,Ventura
CA-KRN-031160,TARINA,WF,35,119,3516.0,Acres,400000.0,0,2018-08-03,2018,Kern
CA-LAC-288255,CHARLIE,WF,34,119,3380.0,Acres,9645162.0,0,2018-09-22,2018,Ventura
CA-RRU-062932,PATTERSON,WF,34,117,1261.0,Acres,240000.0,0,2018-05-17,2018,San Bernardino
CA-ORC-060414,ALISO,WF,34,118,175.0,Acres,3200000.0,0,2018-06-02,2018,Los Angeles
CA-FHL-002806,NACIMIENTO,WF,36,121,450.0,Acres,150000.0,0,2018-10-02,2018,Monterey
CA-LNU-019376,KINCADE,WF,39,123,77758.0,Acres,77144684.0,374,2019-10-24,2019,Lake
CA-PNF-001324,Walker,WF,40,121,54608.0,Acres,35600000.0,9,2019-09-04,2019,Plumas
CA-TGU-009386,RED BANK,WF,40,123,8838.0,Acres,21400000.0,2,2019-09-05,2019,Trinity
CA-MDF-000509,TUCKER,WF,42,121,14150.0,Acres,3745000.0,0,2019-07-28,2019,Klamath
CA-MDF-000836,LONE,WF,42,121,5737.0,Acres,1500000.0,0,2019-09-05,2019,Klamath
CA-SHU-009030,MOUNTAIN,WF,41,122,600.0,Acres,3686672.0,14,2019-08-22,2019,Shasta
CA-LNU-018056,AMERICAN,WF,38,122,532.0,Acres,530000.0,1,2019-10-06,2019,Contra Costa
CA-NOD-004869,R-1  Ranch,WF,41,121,3380.0,Acres,3750000.0,0,2019-08-28,2019,Shasta
CA-SCU-004384,ROCK,WF,37,121,2422.0,Acres,484400.0,0,2019-06-26,2019,Merced
CA-MEU-009819,MOOSE,WF,39,123,225.0,Acres,800000.0,0,2019-08-13,2019,Lake
CA-KNF-007099,KIDDER 2,WF,42,123,227.0,Acres,845000.0,0,2019-09-05,2019,Siskiyou
CA-NOD-005099,R-6,WF,41,121,260.0,Acres,225000.0,0,2019-09-06,2019,Shasta
CA-NOD-004779,HORSE,WF,41,121,131.0,Acres,390000.0,0,2019-08-24,2019,Shasta
CA-SCU-005471,MARSH,WF,38,122,757.0,Acres,600000.0,0,2019-08-03,2019,Contra Costa
CA-SCU-003879,STUHR,WF,37,121,600.0,Acres,10000.0,0,2019-06-07,2019,Merced
CA-ENF-030945,CAPLES,WF,39,120,3435.0,Acres,6370000.0,0,2019-10-10,2019,Douglas
CA-TGU-011766,RANCH,WF,40,123,2534.0,Acres,11116149.0,0,2019-11-03,2019,Trinity
CA-NOD-004382,W-1 McDonald,WF,41,120,1020.0,Acres,950000.0,0,2019-08-08,2019,Lassen
CA-LNU-009880,SAND,WF,39,122,2512.0,Acres,10000000.0,7,2019-06-08,2019,Colusa
CA-SCU-004617,Hollow,WF,38,122,283.0,Acres,150000.0,0,2019-07-03,2019,Contra Costa
CA-KNF-007074,LIME,WF,42,123,1872.0,Acres,10000000.0,0,2019-09-05,2019,Siskiyou
CA-MNF-000485,HENTHORNE,WF,40,123,244.0,Acres,4600000.0,0,2019-09-05,2019,Trinity
CA-SHF-001196,MIDDLE,WF,41,123,1339.0,Acres,50000.0,0,2019-09-05,2019,Siskiyou
CA-MEU-013345,BURRIS,WF,39,123,703.0,Acres,2600000.0,0,2019-10-27,2019,Lake
CA-MEU-009124,USAL,WF,40,124,130.0,Acres,1250000.0,0,2019-07-28,2019,Humboldt
CA-BTU-010635,SWEDES,WF,39,121,496.0,Acres,2437756.0,2,2019-09-07,2019,Placer
CA-MNF-000241,EAST,WF,40,123,410.0,Acres,1600000.0,0,2019-06-17,2019,Trinity
CA-SHF-001217,RAMSHORN,WF,41,123,280.0,Acres,2400000.0,0,2019-09-06,2019,Siskiyou
CA-SHF-001209,SOUTH,WF,40,123,5332.0,Acres,9300300.0,2,2019-09-05,2019,Trinity
CA-BDF-014540,BAUTISTA,WF,34,117,167.0,Acres,557500.0,0,2019-09-16,2019,San Bernardino
CA-RRU-034071,LINCOLN,WF,34,116,564.0,Acres,332086.0,0,2019-03-15,2019,Riverside
CA-RRU-130198,RECHE,WF,34,117,350.0,Acres,350000.0,2,2019-10-10,2019,San Bernardino
CA-RRU-113828,TENAJA,WF,34,117,1926.0,Acres,4000000.0,0,2019-09-04,2019,San Bernardino
CA-CND-001611,MESA,WF,36,118,227.0,Acres,500000.0,0,2019-07-31,2019,Kern
CA-MMU-017062,HUNTER,WF,38,120,423.0,Acres,93000.0,0,2019-08-15,2019,Tuolumne
CA-MVU-011787,BORDER 8,WF,33,117,1507.0,Acres,225000.0,0,2019-08-14,2019,San Diego
CA-SQF-002089,Schaeffer,WF,36,118,295.0,Acres,640000.0,0,2019-09-08,2019,Kern
CA-LFD-001582,SADDLERIDGE,WF,34,118,8799.0,Acres,29000000.0,24,2019-10-11,2019,Los Angeles
CA-VNC-089158,EASY,WF,34,119,1806.0,Acres,2.5,1,2019-10-30,2019,Ventura
CA-ANF-002931,FIVE,WF,35,119,1.0,Acres,303259.0,0,2019-08-03,2019,Kern
CA-RRU-118651,HORSESHOE,WF,34,117,520.0,Acres,2291308.0,0,2019-09-15,2019,San Bernardino
CA-STF-001355,Rosasco,WF,38,120,731.0,Acres,350000.0,0,2019-05-23,2019,Tuolumne
CA-LPF-001678,MILL,WF,36,121,310.0,Acres,5100000.0,0,2019-07-30,2019,Monterey
CA-VNC-090135,Maria,WF,34,119,9999.0,Acres,11651926.0,4,2019-11-01,2019,Ventura
CA-BEU-003696,LONOAK,WF,36,121,2546.0,Acres,175000.0,0,2019-06-25,2019,Monterey
CA-RRU-130233,SANDALWOOD,WF,34,117,1011.0,Acres,3100000.0,72,2019-10-10,2019,San Bernardino
CA-SBC-013465,REAL,WF,34,120,420.0,Acres,730000.0,0,2019-10-17,2019,Santa Barbara
CA-CDD-012920,BARSTOW,WF,35,117,685.0,Acres,120000.0,0,2019-08-11,2019,San Bernardino
CA-MMU-021257,BRICEBURG,WF,38,120,5563.0,Acres,16000000.0,1,2019-10-06,2019,Tuolumne
CA-SLU-007315,BOULDER,WF,35,120,1127.0,Acres,50000.0,0,2019-06-05,2019,Santa Barbara
CA-LPF-002908,Cave,WF,35,120,3126.0,Acres,3600000.0,0,2019-11-26,2019,Santa Barbara
CA-TUU-000684,CREEK,WF,36,119,756.0,Acres,1240000.0,0,2019-08-31,2019,Tulare
CA-BDU-010837,MILPAS,WF,34,117,81.0,Acres,424283.0,0,2019-07-23,2019,San Bernardino
CA-BEU-004344,LAKE,WF,36,121,316.0,Acres,100000.0,0,2019-07-29,2019,Monterey
CA-RRU-139654,HILL,WF,34,117,628.0,Acres,200000.0,0,2019-10-30,2019,San Bernardino
CA-INF-001465,SPRINGS,WF,38,119,4840.0,Acres,6174292.6,0,2019-07-27,2019,Mono
CA-INF-000903,JORDAN,WF,36,118,591.0,Acres,2454458.0,0,2019-06-09,2019,Kern
CA-INF-002018,TABOOSE,WF,37,118,10400.0,Acres,10900000.0,0,2019-09-05,2019,Inyo
CA-MMU-017127,GAINES,WF,38,120,1300.0,Acres,2651287.0,0,2019-08-16,2019,Tuolumne
CA-RRU-139997,46TH,WF,34,117,328.0,Acres,0.0,7,2019-10-31,2019,San Bernardino
CA-RRU-079226,JERRY,WF,34,117,525.0,Acres,500000.0,0,2019-06-21,2019,San Bernardino
CA-SLU-008993,GILLIS,WF,36,120,974.0,Acres,187000.0,0,2019-07-08,2019,Kings
CA-LAC-326166,TICK,WF,34,118,4615.0,Acres,8200000.0,29,2019-10-24,2019,Los Angeles
CA-LFD-001583,GETTY,WF,34,118,745.0,Acres,8649993.0,13,2019-10-28,2019,Los Angeles
CA-BDF-017550,HILLSIDE,WF,34,117,200.0,Acres,220000.0,6,2019-10-31,2019,San Bernardino
CA-SLU-007684,MCMILLAN,WF,36,120,1764.0,Acres,312000.0,0,2019-06-12,2019,Kings
CA-SLU-007006,Belmont,WF,35,120,835.0,Acres,70400.0,0,2019-05-30,2019,Santa Barbara
CA-LPF-002048,Snail,WF,35,119,279.0,Acres,1097900.0,0,2019-09-01,2019,Kern
CA-LPF-001664,Range,WF,35,120,100.0,Acres,0.0,0,2019-07-29,2019,Santa Barbara
CA-INF-001435,COW,WF,36,118,2025.0,Acres,2101000.0,0,2019-07-25,2019,Kern
CA-SQF-001708,BRODER,WF,36,118,381.0,Acres,613559.0,0,2019-08-08,2019,Kern
CA-SLU-012773,LOPEZ,WF,35,120,220.0,Acres,2000000.0,0,2019-09-21,2019,Santa Barbara
